	CD14_positive_monocyte	CD16_positive_monocyte	CD4_positive_alpha_beta_T_cell	CD56bright_natural_killer_cell	CD56dim_natural_killer_cell	CD8_positive_alpha_beta_T_cell	MAST_cell	basophil	eosinophil	gamma_delta_T_cell	hematopoietic_progenitor	macrophage_m0	macrophage_m1	macrophage_m2	memory_B_cell	myeloid_dendritic_cell	naive_B_cell	neutrophil	plasma_cell	plasmacytoid_dendritic_cell	natural_killer_cell	monocyte	B_cell	T_cell	granulocyte
ABC_TRANSPORTERS	-0.148151646740367	0.192309872840047	0.0445302445302445	0	-0.338760538702641	-0.152380952380952	0.0206385562911251	-0.0630392385127406	-0.209932558443372	0	-0.0902816217604353	0.502724815815928	0.25231720712709	0	0	-0.466582606522665	-0.34320289500042	0.334331811914279	-0.00391685297095025	0.225708409764466	-0.338760538702641	-0.0509190886223533	-0.380694980694981	-0.0182754182754183	0.200674315793379
ACUTE_MYELOID_LEUKEMIA	-0.0210248211545736	-0.213581816921008	0.157014157014157	0	0.0768389215826278	-0.103217503217503	-0.0735248567871331	0.134206177588445	0.239668048307872	0	0.012488524047553	-0.0892870329248366	-0.0303810514704047	0	0	0.182017048300579	0.468074165874541	-0.0971187969493063	-0.368445302800721	-0.247164641309976	0.0768389215826278	-0.207332083928967	0.317631917631918	0.10965250965251	0.0342028128116545
ADHERENS_JUNCTION	0.124845062049638	-0.0347825031594105	0.00823680823680824	0	0.430658344414527	-0.0864864864864865	0.014317998426968	0.122906691439935	0.162554011259268	0	0.150512732531446	-0.452517034982831	-0.530896001118428	0	0	0.356297060686363	0.285787857052112	0.0624840003662204	0.000261123531396684	-0.0278652357733908	0.430658344414527	0.115416600877334	0.33976833976834	-0.0185328185328185	0.210026647421566
ADIPOCYTOKINE_SIGNALING_PATHWAY	0.0464501862717323	0.0137980177822455	-0.138738738738739	0	-0.0586910355807006	-0.489317889317889	-0.275137753556061	0.0812770056296342	0.248786931866319	0	0.142056961040915	-0.0416672820315904	-0.118177140889117	0	0	0.0390785881798072	0.464212167806269	0.121009738265802	-0.46297202116632	0.0490428149611678	-0.0586910355807006	0.0953100889597895	0.325611325611326	-0.212097812097812	0.168074759832271
ALANINE_ASPARTATE_AND_GLUTAMATE_METABOLISM	-0.15581185289746	0.0727270520605857	-0.0574002574002574	0	-0.200270288078005	0.198198198198198	0.0562400658933158	-0.00495591497741672	-0.128259079615545	0	-0.160659658320083	0.245733442788789	0.272657063619988	0	0	-0.285614647837651	-0.609938228249058	0.127653964549088	0.327187784840045	0.318778297247591	-0.200270288078005	-0.108888512592417	-0.542084942084942	0	0.0761547004009494
ALDOSTERONE_REGULATED_SODIUM_REABSORPTION	-0.0511766964537682	-0.283721740647423	-0.0792792792792793	0	0.083917884207493	-0.117117117117117	-0.0648824613402245	0.278125948532626	0.451384736143115	0	-0.25302270075511	0.143247457170716	-0.170957781155498	0	0	0.0625519683280807	0.209835228376101	0.0286974028831284	-0.121944689162251	-0.036503458863142	0.083917884207493	-0.279402178594451	0.176061776061776	-0.0998712998712999	0.208156181095928
ALLOGRAFT_REJECTION	0.105287088882593	-0.171037928759085	0.174774774774775	0	-0.0965313085208892	-0.0615186615186615	-0.120348581372623	0.0545150647515839	-0.114977227476068	0	0.0300505109894244	0.214547682013593	0.393923802963722	0	0	0.0371115451506223	0.381565409145253	-0.271847811548058	-0.447565732813916	-0.217627491390182	-0.0965313085208892	-0.076770318230625	0.264607464607465	0.144401544401544	-0.296869726826157
ALPHA_LINOLENIC_ACID_METABOLISM	-0.098278815164402	-0.0405316772353462	-0.322265122265122	0	-0.280970462001468	-0.312483912483912	0.0473396884927682	0.00535238817561005	0.415107438508424	0	-0.342133523386088	0.228393642191792	-0.214212159520142	0	0	-0.244962425234496	-0.159371786950682	0.288246327481275	0.0472633591827997	0.251065774318251	-0.280970462001468	-0.117244465597111	-0.201801801801802	-0.353925353925354	0.365008142974375
ALZHEIMERS_DISEASE	0.18612671130638	-0.0419689707543301	0.186615186615187	0	0.232833516152385	-0.0113256113256113	-0.0611417230124581	-0.0386561368238504	0.167708162835782	0	0.132560479213089	-0.621515390055058	-0.302265715476739	0	0	0.298990540436109	0.42070032290374	-0.139246018915672	-0.129517271572755	-0.0855462738243098	0.232833516152385	0.222999495812768	0.406177606177606	0.158043758043758	-0.074017024600221
AMINOACYL_TRNA_BIOSYNTHESIS	0.120118551867602	-0.027596035564491	0.379407979407979	0	0.351245254604676	0.161647361647362	-0.150403478971574	-0.119536669255291	-0.223412647181946	0	0.511509130781025	-0.608704641852799	-0.278836260529223	0	0	0.234996073886626	0.223738421421879	-0.118182407932489	0.214643542808074	-0.113411509597701	0.351245254604676	0.141790077548399	0.357014157014157	0.366537966537967	-0.157119171353538
AMINO_SUGAR_AND_NUCLEOTIDE_SUGAR_METABOLISM	-0.0904556258975839	0.135967966895878	-0.110939510939511	0	-0.0729776692417923	-0.0368082368082368	0.202128860676206	-0.0202201331078602	0.391517283215921	0	0.0831267381915247	-0.0674181799331012	-0.143923794677595	0	0	-0.0270140576008063	-0.132080333934895	0.02473914041649	-0.111760871437781	0.157995886835126	-0.0729776692417923	-0.0232399942943048	-0.247104247104247	-0.104247104247104	0.106082161611147
AMYOTROPHIC_LATERAL_SCLEROSIS_ALS	0.0883368454711541	0.0123607242632616	0.116602316602317	0	-0.0199498037609838	-0.211840411840412	-0.135311534683689	-0.0824664252242142	0.095153567566401	0	0.130869324914983	-0.262814440391802	0.0458290437434919	0	0	0.131267338147607	0.495365618890328	-0.132036326565724	-0.377845749931001	-0.132917174639074	-0.0199498037609838	0.100532559587723	0.417245817245817	0.0643500643500644	-0.111693560588059
ANTIGEN_PROCESSING_AND_PRESENTATION	0.271366877692752	-0.22594254118427	0.249420849420849	0	0.0388699402310781	0.0527670527670528	-0.0714610011580206	0.0493609131750705	-0.0862329206070509	0	-0.062442620237765	-0.103262394600028	0.307415046234434	0	0	0.308825755582034	0.47451082932166	-0.460996210846707	-0.373667773428654	-0.502410200994236	0.0388699402310781	0.0715478476026913	0.47027027027027	0.212870012870013	-0.446239823402054
APOPTOSIS	0.0304778415186454	-0.0563419059441691	0.0924066924066924	0	0.129351953417992	-0.172458172458172	-0.249597540145794	-0.0132818521394768	-0.0503520961705538	0	0.24716870510782	0.000647007484962584	0.0813594259715923	0	0	0.182935001714198	0.512358410390724	-0.133874091282377	-0.365834067486754	-0.110067681304894	0.129351953417992	-0.0122728059756441	0.407979407979408	0.050965250965251	-0.102875647910054
ARACHIDONIC_ACID_METABOLISM	-0.0345524192617798	0.0534673189062013	-0.338996138996139	0	-0.109016024422924	-0.173487773487774	0.147952650412003	-0.215879656416272	-0.290020144478426	0	-0.204499581278681	0.224640998779009	-0.0136457265078937	0	0	-0.345937300732656	-0.212409893754948	0.201305919731896	0.222738372281371	0.357510974972604	-0.109016024422924	0.0417797650234694	-0.141570141570142	-0.33976833976834	0.0673367877229448
ARGININE_AND_PROLINE_METABOLISM	-0.0953451191893453	0.18483594654133	-0.0483912483912484	0	-0.268614454510794	0.183011583011583	0.220574570361399	-0.114580754277875	-0.141144458556828	0	-0.198385408047066	0.0241980799376006	0.0821318255852467	0	0	-0.311448479620947	-0.593460369824432	0.16667112314881	0.394296532408992	0.224036495618062	-0.268614454510794	0.0665865005061543	-0.473101673101673	-0.0123552123552124	0.0555795708189385
ARRHYTHMOGENIC_RIGHT_VENTRICULAR_CARDIOMYOPATHY_ARVC	-0.0407457774313441	-0.153502947827481	-0.257142857142857	0	0.270673789092573	-0.0882882882882883	0.0643664974329463	-0.145703900336051	0.277927711933529	0	0.0880701122936811	0.0209630425127877	-0.359938219962931	0	0	0.14752822718887	0.215499492209566	0.13868055284901	-0.128733900978565	0.00390113300827471	0.270673789092573	-0.15902423062058	0.0818532818532818	-0.240669240669241	0.215103627448296
ASCORBATE_AND_ALDARATE_METABOLISM	-0.256046465378566	0.418539872728114	-0.0579150579150579	0	-0.16178647308101	0.0301158301158301	0.0584329124992479	0.173060551011392	-0.301517867226033	0	0.138804741236865	0.263332046379772	0.178424310754157	0	0	-0.449666036471674	-0.512100943852839	0.211484308931823	0.343638567318036	0.403767266356433	-0.16178647308101	0.0710256005398979	-0.427541827541828	-0.042985842985843	0.115167283764243
ASTHMA	0.0906186090073093	-0.154365323938872	0.0916344916344916	0	-0.109402149657008	-0.11994851994852	-0.167817260842211	0.0553080111479706	-0.0973341701564643	0	0.000260177584324021	0.270190325720375	0.393923802963722	0	0	0.0200638388976863	0.384140074524101	-0.214453005781802	-0.418319897297487	-0.170813895290886	-0.109402149657008	-0.0644975122549808	0.265379665379665	0.0666666666666667	-0.229800148578304
AUTOIMMUNE_THYROID_DISEASE	0.13641686284014	-0.245777191746248	0.244015444015444	0	-0.0652551645601211	-0.0115830115830116	-0.104224709270182	0.064030421508224	-0.0971359335573677	0	0.00403275255702233	0.196560873931633	0.409886728312579	0	0	0.115006449106345	0.405252330630653	-0.328535784730987	-0.478117185987328	-0.31014007415784	-0.0652551645601211	-0.120377947973871	0.272844272844273	0.213127413127413	-0.342028128116545
AXON_GUIDANCE	0.0211878042642989	-0.141429682268016	-0.0895752895752896	0	0.356651007881845	-0.0293436293436293	0.00928735033100629	0.0868276304043409	0.295372532654036	0	0.0897612665917873	-0.242886609854954	-0.478372827389932	0	0	0.409538358676302	0.280895992832301	0.000565466066662628	-0.0373406649897258	-0.161618367485667	0.356651007881845	-0.0835595300469388	0.273873873873874	-0.0818532818532818	0.146698001824987
BASAL_CELL_CARCINOMA	0.152552190702952	-0.122744866521226	-0.222393822393822	0	0.145183088015417	-0.307850707850708	-0.140729155710109	-0.068788099886544	0.372288333103544	0	0.0960055286155638	-0.155540599385005	-0.245108144066316	0	0	0.212309510950026	0.381565409145253	0.10644898704924	-0.331104637810995	-0.084988969108842	0.145183088015417	0.0987046948679464	0.222651222651223	-0.236808236808237	0.199872687368106
BASAL_TRANSCRIPTION_FACTORS	0.0513396795634936	0.0488679796454528	0.0223938223938224	0	0.187013321707803	-0.0651222651222651	-0.213222084682686	0.00356825878374004	0.140747985358635	0	0.358784888782825	-0.429095364027186	-0.162976318481069	0	0	0.248371966485083	0.158084454261259	-0.109841783449215	-0.126383789195995	-0.0941844969140609	0.187013321707803	0.126122665664598	0.139253539253539	0.0102960102960103	-0.0697416729987642
BASE_EXCISION_REPAIR	0.126963842476068	0.10003562892128	0.0442728442728443	0	0.0796705066325739	-0.0952380952380952	-0.132473733193659	-0.121519035246258	0.0674004436928674	0	0.187848215881943	-0.615562921193402	-0.224253354497649	0	0	0.238274478935267	0.20391349800475	-0.123271602532453	-0.0906098653946492	-0.139604831224688	0.0796705066325739	0.334760367250548	0.17966537966538	0.0442728442728443	-0.115434493239334
BETA_ALANINE_METABOLISM	-0.199002376974685	0.10980922485037	-0.250707850707851	0	-0.191260699282722	0.0265122265122265	0.204321707282138	-0.00198236599096669	-0.0882152865980176	0	-0.218809348416502	0.262814440391802	-0.058959837175616	0	0	-0.304760533321718	-0.585736373687888	0.304927576447822	0.40709158544743	0.313762554808381	-0.191260699282722	-0.106538400809847	-0.519176319176319	-0.220849420849421	0.202277572643925
BIOSYNTHESIS_OF_UNSATURATED_FATTY_ACIDS	0.0821434873015898	0.39209367197881	0.0226512226512227	0	0.0362957720038544	0.101673101673102	0.0377943562081228	-0.0144712717340568	-0.289623671280233	0	0.219199614792988	-0.0430906984985081	0.0718331640698553	0	0	-0.0556017496249606	-0.325952636962139	0.0190844797498637	0.211510060431314	0.033438282928069	0.0362957720038544	0.421453379674247	-0.221621621621622	0.0157014157014157	-0.0806972614774973
BLADDER_CANCER	0.0180911251795168	0.0186848157467908	0.285714285714286	0	0.241070854479501	0.223423423423423	0.122799409932194	0.0721581220711874	-0.0828628984224075	0	0.299984754725596	-0.459504715820427	-0.146498460056443	0	0	0.245486970042279	0.148300725821637	-0.252621965281529	0.15119052467868	-0.130409303419469	0.241070854479501	0.0629307710666007	0.225740025740026	0.3003861003861	-0.135742413346254
BUTANOATE_METABOLISM	-0.0912705414462108	0.144304269305984	-0.103989703989704	0	-0.370422807897492	0.135392535392535	0.301193930873607	-0.114580754277875	-0.0301319630626936	0	-0.227525297491356	0.114908529329355	0.0213697226444372	0	0	-0.358132967513602	-0.671215264265637	0.258700725498152	0.341027332004069	0.264998392204947	-0.370422807897492	0.0227177472315115	-0.632432432432432	-0.071042471042471	0.131199852269706
B_CELL_RECEPTOR_SIGNALING_PATHWAY	-0.0169502434114392	-0.309305565285337	0.123809523809524	0	0.0758092542917383	-0.0694980694980695	-0.0857789995849886	0.106056580516718	0.0239866284906969	0	-0.0853382476582789	0.161881272737638	0.215242025671681	0	0	0.133234381176792	0.521884672292461	-0.29361825511457	-0.374712267554241	-0.213726358381907	0.0758092542917383	-0.286974761004955	0.401029601029601	0.0846846846846847	-0.186512213613553
CALCIUM_SIGNALING_PATHWAY	0.0959970516282468	-0.351561994743464	0.0489060489060489	0	0.208507626405121	-0.0306306306306306	-0.175685710428202	-0.0412332126121071	0.402023822968044	0	-0.0480027643077819	-0.0694886038849815	-0.29479918587808	0	0	0.221095636480386	0.305097847393471	0.00508919459996365	-0.124555924476218	-0.12762277984213	0.208507626405121	-0.195842648547513	0.236550836550837	0.0357786357786358	0.102341228959872
CARDIAC_MUSCLE_CONTRACTION	0.310645807136568	-0.211857064698228	0.242985842985843	0	0.210824377809622	0.145688545688546	0.0643664974329463	-0.267619408780503	0.112598388286908	0	-0.154545485088468	-0.473350675998626	-0.227342952952266	0	0	0.399965415934268	0.41477859253239	-0.188158833681989	-0.295069590478252	-0.512998990588125	0.210824377809622	0.212032307494107	0.346975546975547	0.22033462033462	-0.182771280962279
CELL_ADHESION_MOLECULES_CAMS	0.103494274675614	-0.263024713974055	0.14002574002574	0	-0.0101679644975337	-0.0383526383526384	-0.0856500086081691	0.107444236710394	-0.0214095527024402	0	-0.0797444295953124	0.259967607457966	0.358650887273507	0	0	0.122481212617248	0.432286317108556	-0.304927576447822	-0.436859668026652	-0.27168604879056	-0.0101679644975337	-0.164507824779911	0.312741312741313	0.114028314028314	-0.262934123489594
CELL_CYCLE	-0.0314557401769977	0.10894684873898	0.166537966537967	0	0.0781260056962397	0.0705276705276705	0.0668173259925174	-0.0200218965087635	0.0727528318684774	0	0.185376528830865	-0.451093618515914	-0.110710611290458	0	0	0.244175608022822	0.062564368706003	-0.110124516482547	-0.0446521238688329	-0.180288075453839	0.0781260056962397	0.0900876183318558	0.0221364221364221	0.187129987129987	-0.00240488527581946
CHEMOKINE_SIGNALING_PATHWAY	-0.113599227478587	-0.209557395067854	0.118661518661519	0	-0.0680867496100672	-0.0157014157014157	-0.034440590810815	0.124492584232708	-0.0808805324314408	0	-0.157537527308195	0.384451847564767	0.414521125994505	0	0	-0.0148183908198598	0.300978382787315	-0.212191141515151	-0.249895219546626	-0.090840668621254	-0.0680867496100672	-0.343638567318036	0.223938223938224	0.104247104247104	-0.150438934476261
CHRONIC_MYELOID_LEUKEMIA	0.133157200645633	-0.158389745792026	0.0684684684684685	0	0.538129867901117	-0.0875160875160875	-0.0456628057941142	0.0501538595714572	0.161364591664688	0	0.378818562775775	-0.393639353851236	-0.373069013395055	0	0	0.426979473535075	0.471936163942813	-0.179959575715381	-0.172080407190415	-0.176386942445564	0.538129867901117	0.0287235884536352	0.384041184041184	0.0486486486486487	-0.0181702443061914
CIRCADIAN_RHYTHM_MAMMAL	-0.0937152880920915	-0.0626659974276983	0.0133848133848134	0	0.243516314295363	0.0213642213642214	-0.0715899921348401	0.245615146280773	0.252751663848253	0	0.0967860613685358	-0.186985163154187	-0.40937179523681	0	0	0.305547350533392	0.155252322344526	-0.0173880815498758	-0.0490912239025765	-0.036503458863142	0.243516314295363	-0.15902423062058	0.153925353925354	0.00978120978120978	0.0777579572514957
CITRATE_CYCLE_TCA_CYCLE	-0.113273261259137	0.0264462007493039	0.247619047619048	0	-0.0661561234396494	0.234234234234234	0.0282490239234775	-0.0105065397521234	0.0101100665539301	0	-0.0312213101188825	-0.135353965854173	0.0646241010090813	0	0	-0.071731502464277	-0.374356346084479	0.0158330498665536	0.316742843584177	0.0838743596779063	-0.0661561234396494	-0.098182447805153	-0.307593307593308	0.251480051480051	0.0574500371445759
COLORECTAL_CANCER	0.167383653687962	-0.271648475087958	0.0918918918918919	0	0.370294099486131	-0.157271557271557	-0.0690101725984495	0.0309249094590803	0.272971796956113	0	0.114217959518245	-0.270060924223383	-0.30715757969655	0	0	0.386589523335811	0.561791985664603	-0.112527747265863	-0.281230043314228	-0.307353550580501	0.370294099486131	-0.0697199828829145	0.463063063063063	0.035006435006435	0.0438223539149323
COMPLEMENT_AND_COAGULATION_CASCADES	-0.0145054967655585	0.153502947827481	-0.16988416988417	0	0.0276723084426549	0.130759330759331	-0.135827498590967	0.0648233679046107	-0.30231081362242	0	0.107063075949335	0.464551374203135	0.367662216099474	0	0	-0.13087392954177	-0.407569529471616	0.0588084709329133	0.248589601889643	0.195892607486937	0.0276723084426549	0.0765091946992283	-0.337194337194337	-0.115830115830116	-0.0454256107654786
CYSTEINE_AND_METHIONINE_METABOLISM	-0.168524535456039	0.146891397640155	-0.267438867438867	0	-0.0467211533241104	0.0911196911196911	-0.0386972930458595	-0.0551097745488739	-0.0588762699317106	0	-0.0342133523386088	0.255697358057213	0.189495371883202	0	0	-0.296498952599141	-0.479402693541471	0.118606507482486	0.395602150065976	0.305681636434097	-0.0467211533241104	-0.0535303239363201	-0.354182754182754	-0.219305019305019	0.12719171014334
CYTOKINE_CYTOKINE_RECEPTOR_INTERACTION	-0.0195579731670452	-0.20812010154887	0.0525096525096525	0	-0.0750370038235712	-0.0265122265122265	-0.139310254965094	0.0400437930175271	-0.0547133013506806	0	-0.0546372927080444	0.415249403848986	0.460350169737997	0	0	-0.00917953413619632	0.273429463233643	-0.215866670948458	-0.266346002024617	-0.0657619564252023	-0.0750370038235712	-0.234227807662825	0.184555984555985	0.0476190476190476	-0.155783123978082
CYTOSOLIC_DNA_SENSING_PATHWAY	0.0725274838277925	-0.232554091371596	0.213127413127413	0	-0.0320483944289352	0.0177606177606178	-0.0644954884097659	-0.0257707578825669	-0.157796332880948	0	0.0166513653967373	0.120731596694018	0.368692082251013	0	0	0.184770908541437	0.480690026230895	-0.368542508947368	-0.392468667689215	-0.273915267652432	-0.0320483944289352	-0.179914113132315	0.402316602316602	0.188416988416988	-0.337218357564906
DILATED_CARDIOMYOPATHY	-0.0342264530423291	0.00517425666834206	-0.172458172458172	0	0.211081794632344	-0.203861003861004	-0.236311469533382	0.0114977227476068	0.182179434569839	0	0.0792240744266644	0.00362324191579047	-0.176879511526848	0	0	0.110285545836302	0.347322359606576	0.0944328331326589	-0.242061513604726	0.00640900422787989	0.211081794632344	0.0101838177244707	0.274903474903475	-0.182239382239382	0.179831976736277
DNA_REPLICATION	0.0837733183988435	0.0557669885365756	0.360617760617761	0	0.143509878667722	0.17039897039897	-0.0297969156453118	0.0243831016888903	-0.109228366102264	0	0.191620790854641	-0.639502198137018	-0.0731204967592792	0	0	0.295187590579685	0.108393412449495	-0.272554644131387	0	-0.283389447815384	0.143509878667722	0.210726689837124	0.118661518661519	0.371428571428571	-0.2239215401263
DORSO_VENTRAL_AXIS_FORMATION	0.100723561810283	0.0721521346529921	0.274903474903475	0	0.133341914170188	0.0833976833976834	-0.032505726158522	-0.0198236599096669	0.0602639261253873	0	0.257835986065105	-0.416672820315904	-0.278836260529223	0	0	0.0757967247245925	0.182286308822428	-0.0515987785829648	-0.0276790943280485	-0.0521079908962408	0.133341914170188	0.162157712997341	0.234749034749035	0.231660231660232	-0.00668023687727626
DRUG_METABOLISM_CYTOCHROME_P450	-0.179118437588189	0.239453100262719	-0.213384813384813	0	-0.140420876795054	0.0563706563706564	0.106675537829753	-0.0178412939187002	-0.269998247969663	0	-0.0919727760585414	0.244957033806834	-0.00231719884096307	0	0	-0.394982240260333	-0.551235857611327	0.294466454214564	0.476289321267551	0.408225704080175	-0.140420876795054	0.0360350473327423	-0.406692406692407	-0.174259974259974	0.17047964510809
DRUG_METABOLISM_OTHER_ENZYMES	-0.245452563246417	0.294070253984107	-0.101673101673102	0	-0.239268936720444	0.0759330759330759	0.159948811256219	0.031123146058177	-0.280703024320883	0	-0.0522956944491282	0.357018730202354	0.158856853874913	0	0	-0.486777581622297	-0.614830092468869	0.25813525943149	0.390118555906645	0.385654863103729	-0.239268936720444	-0.0308125767048087	-0.543114543114543	-0.0815958815958816	0.118373797465335
ECM_RECEPTOR_INTERACTION	0.083121385959942	-0.0836504828048634	-0.200514800514801	0	0.363343845272627	-0.0813384813384813	-0.104224709270182	-0.0739422514630574	0.212707870830726	0	0.113307337973111	-0.0767350877165625	-0.423274988282588	0	0	0.182935001714198	0.175334712299539	0.0319488327664385	0.106538400809847	0.0114247466670902	0.363343845272627	0.0365572943955357	0.193564993564994	-0.181981981981982	0.111159141637877
ENDOCYTOSIS	0.110991497722981	-0.0666904192808533	0.287001287001287	0	0.342106957398031	0.166537966537967	-0.0390842659763181	0.178214702587905	0.193082447520155	0	0.198255319254904	-0.429354167021171	-0.191555104186281	0	0	0.408882677666573	0.298918650484236	-0.25714569381483	-0.220388260498801	-0.287011928465925	0.342106957398031	0.0642363887235842	0.284427284427284	0.279279279279279	-0.0868430794045914
ENDOMETRIAL_CANCER	0.0798617237654345	-0.189722744505876	0.122779922779923	0	0.319840402232546	-0.104761904761905	-0.0524993275655494	0.0759246174540241	0.274161216550693	0	0.0477425867234579	-0.263590849373757	-0.375901145311787	0	0	0.339642763039264	0.389546871819681	-0.0156916833498879	-0.176258383692761	-0.187254384397186	0.319840402232546	-0.0822539123899553	0.331016731016731	0.0684684684684685	0.142155440748439
EPITHELIAL_CELL_SIGNALING_IN_HELICOBACTER_PYLORI_INFECTION	0.0506877471245921	0.0681277127998372	0.353410553410553	0	0.266941245163099	0.0872586872586873	0.0156079081951633	-0.0249778114861803	0.0404402662157204	0	0.258486430025915	-0.342655164036184	-0.298146250870582	0	0	0.258731726438791	0.32440783773483	-0.0900504711160235	-0.0378629120525191	-0.303173765214492	0.266941245163099	0.141528954017003	0.357528957528958	0.311196911196911	-0.0817660993778615
ERBB_SIGNALING_PATHWAY	0.186941626855007	-0.0655405844656661	0.182239382239382	0	0.301306390996536	0.225740025740026	0.261980673920469	0.0606603993235806	0.181584724772549	0	-0.012878790424039	-0.450705414024936	-0.440267779782984	0	0	0.479171681909448	0.181256442670889	-0.218835367798437	0.0266346002024617	-0.432189806845291	0.301306390996536	0.124555924476218	0.221106821106821	0.18043758043758	-0.0935233162818677
ETHER_LIPID_METABOLISM	-0.145543916984761	-0.102335298551654	-0.215444015444015	0	-0.16178647308101	-0.276705276705277	0.105643610015196	0.0779069834449908	0.465459534678978	0	-0.312083012396663	0.128107482022592	-0.248970142134588	0	0	-0.0862876208802455	0.0375901145311787	0.166812489665475	-0.0830372829841454	0.00585169951241207	-0.16178647308101	-0.2519842077978	-0.0193050193050193	-0.264607464607465	0.29499926050052
FATTY_ACID_METABOLISM	-0.084425250837745	0.096011207068125	-0.188674388674389	0	-0.170152519819487	0.0759330759330759	0.0248952585261696	-0.0842505546160842	-0.248390458668126	0	-0.124494974099044	0.274331173624136	0.0535530398800355	0	0	-0.281811697981227	-0.483264691609743	0.266051784364766	0.41257517960676	0.305124331718629	-0.170152519819487	-0.00182786471977679	-0.378893178893179	-0.14954954954955	0.142689859698621
FC_EPSILON_RI_SIGNALING_PATHWAY	0.0728534500472433	-0.0896871155845958	0.0833976833976834	0	0.0655125813828435	-0.176833976833977	-0.17078405330906	0.034691404841917	-0.035286114639207	0	0.0831267381915247	0.0537016212518945	0.0847064909640946	0	0	0.189885220417318	0.46858909895031	-0.134722290382371	-0.327187784840045	-0.100036196426473	0.0655125813828435	-0.0154062883524043	0.415186615186615	0.0306306306306306	-0.0798956330522241
FC_GAMMA_R_MEDIATED_PHAGOCYTOSIS	-0.111969396381334	-0.244914815634858	0.123294723294723	0	0.205032499298369	-0.160617760617761	-0.0261851682943649	0.189117715538222	0.168302872633072	0	0.0555479142531785	0.0170809976030122	-0.0368177149175244	0	0	0.209424514507222	0.557157587982677	-0.17868727706539	-0.391946420626422	-0.244378117732637	0.205032499298369	-0.346772049694796	0.416731016731017	0.0702702702702703	-0.0379437454629292
FOCAL_ADHESION	0.059325851940037	-0.0488679796454528	-0.0568854568854569	0	0.430658344414527	-0.0612612612612613	-0.115188942299842	0.0717616488729941	0.165131087047525	0	0.241054531876205	-0.108697257473714	-0.428424319040284	0	0	0.287319418462945	0.276776528226145	0.0366139278164052	0.0329015649559821	-0.033438282928069	0.430658344414527	0.0229788707629082	0.275933075933076	-0.0633204633204633	0.168341969307362
FOLATE_BIOSYNTHESIS	0.0229806184712781	-0.100323087625077	-0.114800514800515	0	-0.267713495631266	0.0316602316602317	0.157626973673468	-0.233720950334972	0.226187959569299	0	-0.203588959733546	-0.0205748380218102	0.0381050476069483	0	0	-0.0276697386105346	-0.211894960679179	0.0336452309664264	0.00783370594190051	0.000835957073201724	-0.267713495631266	-0.0694588593515178	-0.277220077220077	-0.0836550836550837	-0.010688379003642
FRUCTOSE_AND_MANNOSE_METABOLISM	-0.0911075583364855	0.196046835989405	-0.226512226512227	0	-0.175686981508018	0.0792792792792793	0.36375455463108	-0.102091848534784	0.218853205402722	0	-0.0147000335143072	-0.107273841006796	-0.106591146684301	0	0	-0.184508636137546	-0.48094749276878	0.0547088419496093	0.0984435713365497	0.19895778342201	-0.175686981508018	0.0584916710328571	-0.53951093951094	-0.180694980694981	0.0293930422600156
GALACTOSE_METABOLISM	-0.0229806184712781	-0.0741643455795696	0.126126126126126	0	-0.188171697410053	0.00694980694980695	0.276943627231535	-0.147091556529728	0.236694499321422	0	-0.0855984252426029	-0.317033667631666	-0.0646241010090813	0	0	0.0485203947198949	0.0677136994636987	-0.203850517031877	-0.317265090646971	-0.196728564560139	-0.188171697410053	-0.110455253780797	-0.0558558558558559	0.11042471042471	-0.111159141637877
GAP_JUNCTION	0.0655192101096014	-0.1339557559693	0.00926640926640927	0	0.212883712391401	-0.117889317889318	0.0882298281445597	-0.0372684806301737	0.273962979951596	0	-0.0271885575618602	-0.427154341572298	-0.628990752052532	0	0	0.261616722881595	0.365859950334281	0.0449545522996789	-0.0443910003374362	-0.252459036106921	0.212883712391401	-0.00731145887910714	0.410553410553411	-0.0229086229086229	0.118641006940426
GLIOMA	0.00929003725434646	-0.0902620329921893	0.116087516087516	0	0.294356136783032	-0.0280566280566281	-0.0701710913898253	-0.0122906691439935	0.264249386595859	0	0.12228346463229	-0.28636551284444	-0.300978382787315	0	0	0.232504486049658	0.365345017258511	-0.0677145614828497	-0.119594577379681	-0.268342220497753	0.294356136783032	-0.0344683061443622	0.312998712998713	0.0815958815958816	0.0849726130789541
GLUTATHIONE_METABOLISM	0.148477612959818	0.116420775037696	-0.0018018018018018	0	0.0660274150282882	0.131016731016731	0.304676687247734	-0.0511450425669405	-0.0818717154269242	0	-0.179652621975737	-0.333597059246708	-0.366117416872166	0	0	-0.0246536059657844	-0.214469626058027	0.156634100465548	0.343638567318036	0.200629697568414	0.0660274150282882	0.326926661308648	-0.0555984555984556	0.0275418275418275	0.112762398488423
GLYCEROLIPID_METABOLISM	-0.0793727744362584	0.193459707655234	0.0723294723294723	0	-0.0822446748597976	-0.0630630630630631	-0.0460497787245728	0.211914924434339	0.302112577023323	0	0.237542134487831	-0.545686112817443	-0.399588066797188	0	0	-0.0367181365447853	-0.105303813994877	0.157482299565542	0.0227177472315115	0.132359869923606	-0.0822446748597976	0.169991418939241	-0.129214929214929	0.0854568854568855	0.199071058942833
GLYCEROPHOSPHOLIPID_METABOLISM	0.00717125682791657	0.0362197966783944	0.0136422136422136	0	0.0891949290733016	-0.0476190476190476	0.169881116471323	-0.0479732569813938	0.205373116664149	0	0.0542470263315584	-0.500136785876077	-0.43898044709356	0	0	0.155396399305609	0.0785272940548597	0.0829821452827407	-0.00757258241050382	-0.063532737563331	0.0891949290733016	0.0832984065155421	0.0900900900900901	-0.0141570141570142	0.17555662513482
GLYCINE_SERINE_AND_THREONINE_METABOLISM	-0.160538363079496	0.224217788961489	-0.0293436293436293	0	-0.277495334894716	0.159330759330759	0.0928735033100629	-0.037070244031077	-0.265835279388633	0	-0.169115429810614	0.268119901768495	0.208290429148792	0	0	-0.356165924484417	-0.599124633657897	0.237495747998304	0.413880797263743	0.256081516757461	-0.277495334894716	0.030551453173412	-0.516859716859717	0.000257400257400257	0.109021465837149
GLYCOLYSIS_GLUCONEOGENESIS	-0.15369307247103	0.198921423027373	-0.346203346203346	0	-0.218546882491293	0.0553410553410553	0.224315308689166	-0.123699637836321	0.0261672310807603	0	-0.226744764738384	0.138200798788008	-0.110710611290458	0	0	-0.3566904692922	-0.588311039066736	0.297859250614539	0.383329344090332	0.385376210745995	-0.218546882491293	0.0310737002362053	-0.4998712998713	-0.285714285714286	0.22124944537539
GLYCOSAMINOGLYCAN_BIOSYNTHESIS_CHONDROITIN_SULFATE	0.087032980593351	-0.272510851199349	-0.119433719433719	0	0.309672437735013	-0.106048906048906	-0.226637146271917	-0.037664953828367	0.111805441890521	0	0.101209080302044	0.18970259459103	0.104531414381223	0	0	0.388818838768887	0.451596307449914	-0.175294480665415	-0.427720344427768	-0.254688254968792	0.309672437735013	-0.188531189668406	0.260746460746461	-0.122007722007722	-0.0876447078298646
GLYCOSAMINOGLYCAN_BIOSYNTHESIS_HEPARAN_SULFATE	0.112784311929961	-0.379445489011751	-0.127155727155727	0	0.178775983380687	-0.0589446589446589	-0.08539202665453	-0.0846470278142775	0.377442484680057	0	0.000780532752972063	-0.0789349131654352	-0.106333680146417	0	0	0.355510243474689	0.343460361538304	-0.206677847365191	-0.359567102733233	-0.317106383101187	0.178775983380687	-0.232661066474445	0.185585585585586	-0.115572715572716	-0.107685418461693
GLYCOSAMINOGLYCAN_BIOSYNTHESIS_KERATAN_SULFATE	0.122400315403758	-0.129356416708552	-0.232689832689833	0	0.183666903012412	-0.0988416988416988	0.188068844202877	-0.0333037486482403	0.372684806301737	0	0.0117079912945809	-0.169257158066212	-0.140576729685093	0	0	0.297810314618598	0.269052532089601	-0.244564073831587	-0.299769814043393	-0.109231724231692	0.183666903012412	-0.0015667411883801	0.119176319176319	-0.218275418275418	-0.112227979538241
GLYCOSAMINOGLYCAN_DEGRADATION	0.144077068997233	0.124469618744006	0.246589446589447	0	0.0616513290420079	0.262290862290862	-0.101128925826513	-0.0588762699317106	0.0424226322066871	0	0.0378558385191451	-0.101450773642133	0.109165812063149	0	0	0.276435113701455	-0.00437693114404136	-0.170063919548785	-0.0642363887235842	-0.354167146679797	0.0616513290420079	0.208376578054554	0.0108108108108108	0.275933075933076	-0.134940784920981
GLYCOSPHINGOLIPID_BIOSYNTHESIS_GANGLIO_SERIES	0.21432278928887	-0.215594027847586	0.0617760617760618	0	0.153291717931172	-0.122007722007722	-0.161754684931693	0.161562828263785	0.491428529160642	0	-0.0228956274205139	-0.15165855447523	-0.0260041203263634	0	0	0.294794181973848	0.434603515949519	-0.212897974098479	-0.51728571569683	-0.307074898222767	0.153291717931172	0.0381240355839158	0.267953667953668	0.0329472329472329	-0.108487046886967
GLYCOSPHINGOLIPID_BIOSYNTHESIS_GLOBO_SERIES	0.14701076497229	-0.153790406531278	-0.0839124839124839	0	-0.0683441664327896	-0.0486486486486487	0.131312814402283	-0.113986044480584	0.188324769141835	0	-0.0287496230678043	-0.357277533196339	-0.124098871260467	0	0	0.155265263103664	0.26467560094556	-0.176284046282074	-0.254856566643163	-0.0989215869955374	-0.0683441664327896	0.0684143652259311	0.166023166023166	-0.0707850707850708	-0.178763138835913
GLYCOSPHINGOLIPID_BIOSYNTHESIS_LACTO_AND_NEOLACTO_SERIES	-0.0860550819349988	0.137692719118658	-0.21956241956242	0	-0.309028895678207	0.036036036036036	0.317833766883326	-0.0533256451570039	0.236694499321422	0	-0.24261559738215	-0.23395790656247	-0.262615868642482	0	0	-0.0278008748124803	-0.145468593904904	0.196640824681929	0.0433465062118495	0.0451416819528931	-0.309028895678207	0.0691977358201212	-0.115572715572716	-0.172200772200772	0.179831976736277
GLYCOSYLPHOSPHATIDYLINOSITOL_GPI_ANCHOR_BIOSYNTHESIS	0.122563298513483	-0.045993392607485	0.155984555984556	0	0.349958170491064	0.0254826254826255	-0.128088039981795	-0.0457926543913305	0.119734905854388	0	0.315595409785038	-0.578165888562565	-0.405252330630653	0	0	0.372689085929571	0.132080333934895	-0.0476405161163264	-0.0284624649222385	-0.134589088785478	0.349958170491064	0.15432400705544	0.093951093951094	0.14028314028314	0.0120244263790973
GLYOXYLATE_AND_DICARBOXYLATE_METABOLISM	-0.00293369597505678	-0.0698524650226179	-0.0223938223938224	0	-0.119055280509097	0.225997425997426	0.125379229468585	-0.184558273758999	-0.129448499210125	0	-0.159618947982787	0.160587257767713	0.403707531403344	0	0	-0.128382341704803	-0.392893936812183	-0.0945741996493245	0.173647148378795	0.0562877762622494	-0.119055280509097	-0.0853873947667155	-0.398712998712999	0.0216216216216216	-0.156050333453174
GNRH_SIGNALING_PATHWAY	0.0195579731670452	-0.0738768868757728	0.0720720720720721	0	0.169895102996765	-0.132303732303732	-0.0103192781455625	-0.0190307135132802	0.331848066887823	0	-0.0522956944491282	-0.368406061937695	-0.605046364029247	0	0	0.190409765225101	0.287847589355191	0.0804375479827588	0.0326404414245854	-0.175829637730096	0.169895102996765	-0.00261123531396684	0.34002574002574	0.0218790218790219	0.191054774690101
GRAFT_VERSUS_HOST_DISEASE	0.221005096787611	-0.274523062125926	0.294465894465894	0	0.0543149495944203	0.0491634491634492	-0.179684430709608	0.0901976525889843	-0.108633656304974	0	0.0278390015226702	0.00970511227443876	0.364572617644857	0	0	0.245093561436442	0.502317215413217	-0.454210618046756	-0.333715873124962	-0.401816699852295	0.0543149495944203	-0.030551453173412	0.4996138996139	0.26023166023166	-0.441162843375325
HEDGEHOG_SIGNALING_PATHWAY	0.142936187229155	-0.0405316772353462	-0.215444015444015	0	0.129351953417992	-0.421879021879022	-0.185489024666487	0.0779069834449908	0.383587819252054	0	0.103680767353122	-0.115943741305295	-0.215756958747451	0	0	0.111596907855758	0.413748726380851	0.081992579666081	-0.365834067486754	0.0443057248796914	0.129351953417992	0.15667411883801	0.247876447876448	-0.252252252252252	0.21109548532193
HEMATOPOIETIC_CELL_LINEAGE	-0.0508507302343175	-0.21616894525518	0.062033462033462	0	-0.0658987066169271	-0.0612612612612613	-0.117897752813052	0.0870258670034376	-0.0547133013506806	0	-0.134771988679843	0.378628780200104	0.384397541061985	0	0	0.0183590682723926	0.333934099636567	-0.195509892548604	-0.304208914077136	-0.105887895938885	-0.0658987066169271	-0.253812072517576	0.216473616473616	0.0483912483912484	-0.136811251246618
HISTIDINE_METABOLISM	-0.0529695106607474	0.174774891908443	-0.454568854568855	0	-0.228714846988827	-0.0355212355212355	0.127314094120878	-0.212113161033435	0.0295372532654036	0	-0.177441112508982	0.217135711953443	-0.0411946460615657	0	0	-0.340560716452884	-0.516220408458996	0.343379268980881	0.323009808337698	0.305960288791831	-0.228714846988827	0.118288959722698	-0.43037323037323	-0.397425997425997	0.253314582386316
HOMOLOGOUS_RECOMBINATION	0.0109198683516002	0.0077613850025131	0.296010296010296	0	0.080442757100741	0.145688545688546	-0.0384393110922205	-0.0812770056296342	-0.00138765619367668	0	0.0855984252426029	-0.455493269413659	-0.0476313095086854	0	0	0.20221202340021	0.0329557168492526	-0.220531765998425	0.0879986300806824	-0.196449912202405	0.080442757100741	0.0752035770422449	0.0571428571428571	0.305534105534106	-0.117572169040062
HUNTINGTONS_DISEASE	0.316676182196407	-0.103197674663044	0.26975546975547	0	0.243645022706724	0.130759330759331	0.0350855456949126	-0.163941667452945	0.0239866284906969	0	0.198255319254904	-0.811476787640073	-0.38516994067564	0	0	0.412029946513269	0.301750782400969	-0.156916833498879	0.0389074061781059	-0.274193920010166	0.243645022706724	0.314653855333004	0.367567567567568	0.262548262548263	-0.140017764947711
HYPERTROPHIC_CARDIOMYOPATHY_HCM	0.00391159463340904	-0.0376570901973784	-0.166280566280566	0	0.122015573970404	-0.144916344916345	-0.164205513491264	-0.0677969168910607	0.173258787610488	0	0.0641337745358712	-0.0146223691601544	-0.126931003177199	0	0	0.153167083872533	0.31900104043925	0.0525883441996244	-0.234750054725619	-0.0300944546352621	0.122015573970404	0.00626696475352041	0.234234234234234	-0.165508365508366	0.116503331139698
INOSITOL_PHOSPHATE_METABOLISM	-0.0901296596781332	-0.164713837275556	0.050965250965251	0	0.0280584336767385	-0.110939510939511	0.0855210176313495	0.0767175638504108	0.32669391531131	0	-0.185116351246541	-0.243274814345932	-0.478630293927817	0	0	0.145823456563576	0.199279100322824	0.0552743080162719	-0.056924929844477	-0.0657619564252023	0.0280584336767385	-0.211248936899917	0.176576576576577	0.0108108108108108	0.152309400801899
INSULIN_SIGNALING_PATHWAY	-0.0236325509101796	0.165576213386946	-0.0715572715572716	0	-0.0253555570381536	-0.0254826254826255	0.204063725328499	-0.0184360037159902	0.495987970939865	0	-0.207621712290569	-0.252721123626385	-0.467816699336656	0	0	0.0402588139973182	-0.137229664692591	0.210070643765166	-0.00522247062793367	-0.0264719739847213	-0.0253555570381536	0.132650753949515	-0.145688545688546	-0.0767052767052767	0.273622502493236
INTESTINAL_IMMUNE_NETWORK_FOR_IGA_PRODUCTION	0.0537844262093742	-0.230541880445019	0.128185328185328	0	-0.0662848318510106	-0.0532818532818533	-0.129893913657268	0.139162092565861	-0.0717616488729941	0	-0.0937940191488096	0.32389194697227	0.380278076455829	0	0	0.0536347065957757	0.369979414940437	-0.266051784364766	-0.379673614650778	-0.212333096593238	-0.0662848318510106	-0.180436360195108	0.256885456885457	0.105791505791506	-0.247970392884495
JAK_STAT_SIGNALING_PATHWAY	0.1515742920446	-0.426301257730627	0.154440154440154	0	0.144024712313167	0.0731016731016731	-0.198646104302079	-0.108038946507684	0.0850435010124709	0	0.0301805997815864	0.131342519447405	0.220906289505146	0	0	0.330069820297231	0.417353257911238	-0.338572807414249	-0.378890244056588	-0.281438881311247	0.144024712313167	-0.254856566643163	0.311196911196911	0.138996138996139	-0.275492968818873
LEISHMANIA_INFECTION	0.0886628116906048	-0.185410863948924	0.0733590733590734	0	-0.080442757100741	-0.12998712998713	-0.123573355793111	0.034691404841917	-0.104272451124848	0	0.00780532752972063	0.26682588679857	0.358908353811392	0	0	0.0495694843354602	0.42070032290374	-0.211201575898492	-0.452788203441849	-0.186975732039452	-0.080442757100741	-0.0966157066167729	0.278507078507079	0.0496782496782497	-0.231670614903941
LEUKOCYTE_TRANSENDOTHELIAL_MIGRATION	0.0249364157879826	-0.121307573002242	0.0571428571428571	0	0.174271188983045	-0.0767052767052767	-0.0141890074501485	0.103677741327558	0.0416296858103004	0	-0.0525558720334522	-0.0459375314323435	-0.0973223513204491	0	0	0.197753392534058	0.466271900109347	-0.174729014598752	-0.193231413233546	-0.124000299191589	0.174271188983045	-0.05196358274794	0.438610038610039	0.0293436293436293	-0.0994019247338708
LIMONENE_AND_PINENE_DEGRADATION	-0.056718122184431	0.170463011351491	-0.23011583011583	0	-0.0647403309146764	0.0617760617760618	-0.0526283185423689	-0.149073922520695	-0.00971359335573677	0	0.0158708326437653	-0.015528179639102	-0.134397532775858	0	0	-0.217292686623962	-0.411688994077773	0.258842092014818	0.472633591827997	0.379524511233583	-0.0647403309146764	0.144140189330969	-0.270527670527671	-0.173230373230373	0.182236862012097
LINOLEIC_ACID_METABOLISM	-0.274300573667809	0.0756016390985535	-0.200514800514801	0	-0.10090739450717	0.0316602316602317	0.0505644629132564	0.0255725212834703	-0.151650998308952	0	-0.126576394773636	0.291929777215118	0.0491761087359941	0	0	-0.358395239917494	-0.484294557761282	0.273544209748046	0.395602150065976	0.401259395136828	-0.10090739450717	-0.20942107218014	-0.394594594594595	-0.18018018018018	0.224188749601391
LONG_TERM_DEPRESSION	-0.0911075583364855	-0.164426378571759	-0.208494208494208	0	-0.0397708991106064	-0.323294723294723	0.109642330296602	0.162752247858365	0.505106854498312	0	-0.235850980189725	0.0516311973000142	-0.377960877614866	0	0	0.0809110366004733	0.219618956815722	0.157199566532211	-0.160068724746167	-0.0721709606530822	-0.0397708991106064	-0.283057908034005	0.15984555984556	-0.262290862290862	0.289387861523608
LONG_TERM_POTENTIATION	0.0616076154761923	-0.216743862662773	-0.00772200772200772	0	-0.00926700561800537	-0.242213642213642	0.166140378143557	-0.0315196192563703	0.37129715010806	0	-0.187197771921133	-0.353395488286563	-0.471163764329158	0	0	0.174804557193567	0.400875399486612	0.0552743080162719	-0.224305113469751	-0.178058856591967	-0.00926700561800537	-0.0772925652934184	0.282110682110682	-0.0720720720720721	0.0812316804276794
LYSINE_DEGRADATION	-0.00733423993764194	0.155515158754059	0.129214929214929	0	0.212626295568679	0.149034749034749	-0.194647384020673	0.0533256451570039	-0.142532114750505	0	0.36945216974011	-0.395062770318154	-0.429711651729708	0	0	0.153298220074479	-0.21627189182322	0.160592362932186	0.521724815730574	0.140719440655624	0.212626295568679	0.197409389735893	-0.000772200772200772	0.151866151866152	0.136009622821345
LYSOSOME	0.153204123141854	0.30010688676384	0.142342342342342	0	0.210953086220983	0.223166023166023	0.112222149832993	0.0757263808549274	0.0291407800672103	0	0.242225331005664	-0.50337182330089	-0.404222464479114	0	0	0.326529142844698	0.0167353249625111	-0.00890609054993639	0.0621474004724107	-0.258868040334801	0.210953086220983	0.456443932881403	0.117117117117117	0.158043758043758	-0.0125588453292794
MAPK_SIGNALING_PATHWAY	0.055414257306628	-0.130506251523739	-0.126640926640927	0	0.147371131008558	-0.266666666666667	-0.0675912718534346	-0.0513432791660372	0.35940295416226	0	-0.00364248618053629	-0.251685911650445	-0.452368707063569	0	0	0.217554959027853	0.456230705131841	0.0694109596828376	-0.198715007392876	-0.141834050086559	0.147371131008558	-0.0122728059756441	0.407979407979408	-0.158558558558559	0.203880829494472
MATURITY_ONSET_DIABETES_OF_THE_YOUNG	0.122400315403758	0.170750470055288	0.0846846846846847	0	-0.136688332865579	0.195109395109395	0.165753405213098	0.028744306869017	0.0338984584455303	0	-0.20124736147463	-0.123578429627854	-0.138516997382015	0	0	-0.0124579391848379	-0.396755934880455	0.133025892182383	0.191403548513769	0.0560091239045155	-0.136688332865579	0.285930266879369	-0.311454311454311	0.111454311454311	0.0507698002672996
MELANOGENESIS	0.087032980593351	-0.245202274338654	-0.0555984555984556	0	0.112491151529676	-0.181209781209781	0.0475976704464072	-0.0315196192563703	0.33680398186524	0	-0.143487937754698	-0.221017756863219	-0.291967053961347	0	0	0.268829213988607	0.413748726380851	0.0517401450996305	-0.341549579066862	-0.235182589927418	0.112491151529676	-0.0898264948004592	0.254568854568855	-0.0857142857142857	0.137612879671891
MELANOMA	0.155159920458558	-0.0201221092657747	-0.235521235521236	0	0.169251560939959	-0.198198198198198	0.0127701067051336	0.00991182995483344	0.515613394250435	0	0.0809152287247705	-0.107403242503789	-0.308959845461743	0	0	0.133890062186521	0.232234817172077	0.0115920543665839	-0.164768948311307	-0.0746788318726874	0.169251560939959	0.133956371606499	0.118918918918919	-0.244530244530245	0.184107328337734
METABOLISM_OF_XENOBIOTICS_BY_CYTOCHROME_P450	-0.17520684295478	0.283434281943626	-0.162934362934363	0	-0.15200463381756	0.0334620334620335	0.125508220445404	0.0549115379497772	-0.275350636145273	0	-0.0800046071796365	0.236416535005328	0.0607621029408095	0	0	-0.413079036128835	-0.554325456065944	0.276795639631356	0.431114950335925	0.408783008795643	-0.15200463381756	0.0684143652259311	-0.435006435006435	-0.135907335907336	0.162463360855359
MISMATCH_REPAIR	-0.0513396795634936	0.120445196890851	0.384555984555985	0	0.263466118056347	0.222651222651223	-0.0460497787245728	0.0737440148639608	-0.129250262611028	0	0.346946808696082	-0.634584941251302	-0.15653965503395	0	0	0.240503794368344	0.0185375907277046	-0.212615241065148	0.173386024847398	-0.137096960005083	0.263466118056347	0.137350977514656	0.077992277992278	0.395109395109395	-0.132001480694979
MTOR_SIGNALING_PATHWAY	-0.0845882339474704	-0.102335298551654	0.145431145431145	0	0.143638587079083	-0.25019305019305	-0.0902936837736722	0.393499649206887	0.32253094673028	0	0.0414983246996814	-0.279895437994814	-0.421730189055279	0	0	0.2070640628722	0.285015457438458	0.0780343171994427	-0.174952766035778	-0.0919552780521897	0.143638587079083	-0.175736136629968	0.264350064350064	0.0738738738738739	0.251176906585588
NATURAL_KILLER_CELL_MEDIATED_CYTOTOXICITY	0.293858546834854	-0.232841550075393	0.241956241956242	0	0.0492953215513341	0.0643500643500644	-0.0826832161413198	0.0162554011259268	-0.110219549097748	0	-0.0676461719242455	-0.0945924943015298	0.321575705818098	0	0	0.314202339861806	0.471163764329158	-0.468912735779984	-0.343638567318036	-0.478167445871386	0.0492953215513341	0.0877375065492857	0.481081081081081	0.205405405405405	-0.456660992930605
NEUROACTIVE_LIGAND_RECEPTOR_INTERACTION	0.0643783283415237	-0.279697318794268	-0.0795366795366795	0	0.050582405664946	-0.127413127413127	-0.267011322016431	0.112003678489618	0.445635874769311	0	-0.0286195342756423	0.0815229431052856	-0.188208039193778	0	0	0.178738643251937	0.195159635716668	0.034210697033089	-0.130039518635548	-0.0808091837428333	0.050582405664946	-0.183047595509075	0.141570141570142	-0.0929214929214929	0.114632864814061
NEUROTROPHIN_SIGNALING_PATHWAY	0.165427856371257	-0.230541880445019	0.181209781209781	0	0.188429114232776	-0.129472329472329	0.0340536178803564	0.0461891275895238	0.224403830177429	0	-0.0764922097912622	-0.339808331102349	-0.409114328698925	0	0	0.329283003085557	0.497167884655522	-0.0233254752498334	-0.257206678425733	-0.360576150907677	0.188429114232776	-0.0112283118500574	0.447876447876448	0.109395109395109	0.0761547004009494
NICOTINATE_AND_NICOTINAMIDE_METABOLISM	-0.140491440583275	0.039381842420159	-0.161647361647362	0	-0.297187721832978	-0.186100386100386	0.264044529549581	0.137179726574895	0.244425726686193	0	-0.384022114462255	0.279636635000829	0.0182801241898198	0	0	-0.225947675952375	-0.26467560094556	0.226186426665051	-0.131345136292532	0.177780204234233	-0.297187721832978	-0.186703324948629	-0.389446589446589	-0.194337194337194	0.241824574957401
NITROGEN_METABOLISM	0.0352043517006813	-0.0781887674327245	-0.402831402831403	0	-0.2301306395138	-0.0548262548262548	0.160464775163497	-0.249183405064513	0.296561952248616	0	-0.322620204561786	0.092651471846642	0.0476313095086854	0	0	-0.155265263103664	-0.380793009531598	0.147586643398946	0.046218865057213	0.238247765862491	-0.2301306395138	-0.0104449412558673	-0.445302445302445	-0.35006435006435	0.156317542928265
NOD_LIKE_RECEPTOR_SIGNALING_PATHWAY	-0.0620965648053684	-0.0549046124251852	0.00720720720720721	0	0.0217517215200404	-0.210810810810811	-0.266495358109153	0.0245813382879869	-0.064030421508224	0	0.133471100758223	0.186596958663209	0.234809482550925	0	0	0.0562574306346889	0.405767263706423	-0.0825580457327437	-0.337632726095912	0.0183910556104379	0.0217517215200404	-0.111760871437781	0.307593307593308	-0.015958815958816	-0.0379437454629292
NON_HOMOLOGOUS_END_JOINING	0.189875322830064	0.0773263913213342	0.249420849420849	0	0.41907458739202	-0.0507078507078507	-0.159303856372122	-0.0192289501123769	0.00991182995483344	0	0.362557463755523	-0.584118357424221	-0.385427407213524	0	0	0.364952050014777	0.275231728998836	-0.0579602718329194	-0.072592341728278	-0.185303817893049	0.41907458739202	0.328232278965631	0.271557271557272	0.201029601029601	0.0566484087193027
NON_SMALL_CELL_LUNG_CANCER	0.0664971087679536	-0.20898247766026	0.241184041184041	0	0.256258447020121	-0.0877734877734878	-0.018187727731554	0.0872241036025342	0.251165771055479	0	-0.0426691238291394	-0.254403343087288	-0.3130793100679	0	0	0.318923243131849	0.471163764329158	-0.00848199099993942	-0.187486695542819	-0.391227910258407	0.256258447020121	-0.10549390668426	0.431917631917632	0.184298584298584	0.161661732430086
NOTCH_SIGNALING_PATHWAY	0.0813285717529629	-0.212144523402025	-0.0218790218790219	0	0.255872321786037	-0.0998712998712999	-0.0328926990889806	-0.188126532542739	0.0888099963953076	0	0.152594153206038	-0.390663119420408	-0.558187454134216	0	0	0.209031105901385	0.367147283023705	0.0899091045993578	-0.0221955001687181	-0.122328385045186	0.255872321786037	-0.0467411121200064	0.384813384813385	-0.0422136422136422	0.0742842340753121
NUCLEOTIDE_EXCISION_REPAIR	0.163635042164278	0.0882498220656119	0.157271557271557	0	0.220734925484433	0.0638352638352638	-0.181232322431442	-0.093369438174531	-0.0537221183551972	0	0.335498994985825	-0.614010103229492	-0.174047379610115	0	0	0.316431655294882	0.121266739343734	-0.174446281565421	-0.0310737002362053	-0.185303817893049	0.220734925484433	0.297941949323616	0.15006435006435	0.154697554697555	-0.153111029227172
N_GLYCAN_BIOSYNTHESIS	-0.0308038077380962	0.0511676492758271	-0.0319176319176319	0	0.259090032070067	-0.12972972972973	-0.0563690568701354	0.0858364474088575	0.257905815424766	0	0.320148517510708	-0.389886710438453	-0.340885696159457	0	0	0.150019815025837	0.127703402790854	0.0367552943330708	-0.142573448142589	0.0253573645537856	0.259090032070067	0.0208898825117347	0.0831402831402831	-0.0561132561132561	0.14509474497444
OLFACTORY_TRANSDUCTION	0.0343894361520544	0.201508551361544	0.264864864864865	0	-0.045047943976415	-0.103474903474903	-0.25062946796035	0.0128853789412835	0.113986044480584	0	0.195003099450854	-0.358959752657242	-0.154994855806641	0	0	0.109367592422682	0.160916586177991	0.0938673670659962	-0.0707644770085013	-0.177222899518766	-0.045047943976415	0.259556790208304	0.158301158301158	0.223423423423423	0.108219837411875
ONE_CARBON_POOL_BY_FOLATE	0.122889264732934	0.225367623776677	-0.250965250965251	0	-0.00553446168853098	0.0177606177606178	-0.0574009846846916	-0.304293179613386	-0.153831600899015	0	0.193311945152748	0.0529252122699394	0.0762100952138966	0	0	-0.179525460463611	-0.335993831939646	0.124119801632447	0.180697483726505	0.204252178218955	-0.00553446168853098	0.324054302463284	-0.307850707850708	-0.20952380952381	0.0200407106318288
OOCYTE_MEIOSIS	-0.153204123141854	0.194897001174218	0.0702702702702703	0	-0.121114615090876	0.0314028314028314	0.0522413456119104	0.153236891101725	0.33442514267608	0	-0.0321319316640166	-0.322986136493322	-0.219361490277838	0	0	0.0310792798611218	-0.0867662232671729	0.0459441179163385	0.019845388386148	-0.0440270725219575	-0.121114615090876	0.0373406649897258	-0.087001287001287	0.0800514800514801	0.10421169528551
OTHER_GLYCAN_DEGRADATION	-0.206662583131777	0.436362312363514	-0.0712998712998713	0	-0.36038355181132	0.035006435006435	0.326734144283874	-0.107246000111298	0.095748277363691	0	-0.0763621209991002	-0.142212245194776	-0.295829052029619	0	0	-0.397736100501192	-0.512615876928609	0.356243621997456	0.437643038620842	0.336890700500295	-0.36038355181132	0.147534795239126	-0.371685971685972	-0.0702702702702703	0.269079941416688
OXIDATIVE_PHOSPHORYLATION	0.173902978076977	-0.011785806855668	0.448906048906049	0	0.137203166511024	0.150579150579151	-0.0893907469359355	0.037070244031077	-0.00931712015754343	0	0.165342854837915	-0.61491591370844	-0.281153459370186	0	0	0.249421056100649	0.203398564928981	-0.0951396657159872	0.0934822242400127	-0.27168604879056	0.137203166511024	0.226394101720925	0.30965250965251	0.409266409266409	-0.113029607963514
O_GLYCAN_BIOSYNTHESIS	0.0752981966931239	-0.269923722865178	-0.085971685971686	0	0.0729776692417923	-0.131531531531532	0.128861985842712	0.0156606913286368	0.32312565652757	0	-0.262779360167261	-0.131213117950412	-0.10221421554026	0	0	0.126677571079509	0.340370763083687	-0.159744163832192	-0.448087979876709	-0.139883483582422	0.0729776692417923	-0.184092089634662	0.202574002574003	-0.116859716859717	-0.0328667654361992
P53_SIGNALING_PATHWAY	-0.0221657029226512	0.121882490409835	0.0975546975546976	0	0.149945299235781	0.135649935649936	0.04682372458549	0.104074214525751	0.35167172679749	0	0.103810856145284	-0.36452401702792	-0.224768287573418	0	0	0.138348693052673	-0.057672504486192	-0.0417031224163688	0.140484459891416	-0.0256360169115195	0.149945299235781	0.0953100889597895	-0.00823680823680824	0.122522522522523	0.142689859698621
PANCREATIC_CANCER	0.27250775946083	-0.0804884370630988	0.272072072072072	0	0.419975546271549	0.0579150579150579	0.0127701067051336	0.0493609131750705	-0.00475767837832005	0	0.330295443299345	-0.395450974809131	-0.145983526980674	0	0	0.497137341576004	0.403192598327575	-0.29588011938122	-0.185658830823042	-0.362805369769548	0.419975546271549	0.19923725445567	0.357786357786358	0.244272844272844	-0.171014064058272
PANTOTHENATE_AND_COA_BIOSYNTHESIS	-0.114740109246665	-0.169025717832507	-0.186615186615187	0	-0.217774632023126	-0.0288288288288288	0.162915603723069	0.00277531238735336	0.0134800887385735	0	-0.256144831766999	0.438541673307639	0.113027810131421	0	0	-0.263321493506889	-0.311019577764821	0.130339928365736	0.130561765698342	0.0654833040674684	-0.217774632023126	-0.317265090646971	-0.316859716859717	-0.181981981981982	0.0646646929720342
PARKINSONS_DISEASE	0.215463671056948	-0.0531798602024045	0.434749034749035	0	0.189330073112304	0.222651222651223	-0.00580459395687893	0.106849526913104	0.030528436260887	0	0.184465907285731	-0.732412472977645	-0.272399597082103	0	0	0.298859404234163	0.199794033398594	-0.172467150332102	0.10001031252493	-0.26527704456268	0.189330073112304	0.232399942943048	0.318146718146718	0.415444015444015	-0.160058475579539
PATHOGENIC_ESCHERICHIA_COLI_INFECTION	0.029010993531117	0.0902620329921893	0.0205920205920206	0	0.259604865715511	0.0239382239382239	0.0276040690393798	-0.064625131305514	0.178611175786099	0	0.221020857883256	-0.474903493962537	-0.543511861474783	0	0	0.282467378990955	0.217816691050529	0.0863749416827164	0.0101838177244707	-0.126786822768928	0.259604865715511	0.163202207122927	0.213899613899614	0.018018018018018	0.138414508097164
PATHWAYS_IN_CANCER	0.103168308456163	-0.143441893194594	-0.134620334620335	0	0.291009718087641	-0.222651222651223	-0.0282490239234775	0.036475534233787	0.401627349769851	0	0.19344203394491	-0.219594340396301	-0.409886728312579	0	0	0.277090794711183	0.422760055206818	0.0106024887499243	-0.222999495812768	-0.0888901021171167	0.291009718087641	0.00339460590815689	0.288288288288288	-0.150836550836551	0.162463360855359
PENTOSE_AND_GLUCURONATE_INTERCONVERSIONS	-0.294021529944579	0.43578739495592	-0.0566280566280566	0	-0.203616706773396	0.0468468468468468	0.133892633938674	0.158391042678238	-0.264844096393149	0	0.0849479812817929	0.268119901768495	0.141091662760863	0	0	-0.482318950756144	-0.575952645248266	0.243009042148264	0.373145526365861	0.404045918714167	-0.203616706773396	0.0415186414920727	-0.492664092664093	-0.0393822393822394	0.150706143951353
PENTOSE_PHOSPHATE_PATHWAY	-0.147988663630642	0.287458703796781	-0.00205920205920206	0	-0.194607117978113	0.00746460746460746	0.30854641655232	-0.0253742846843736	0.139955038962248	0	0.0222451834597038	-0.166669128126362	-0.0463439768192615	0	0	-0.151986858055022	-0.265190534021329	0.0627667333995517	-0.0877375065492857	0.0220135362609787	-0.194607117978113	0.10549390668426	-0.379150579150579	0.00926640926640927	0.104478904760601
PEROXISOME	0.0211878042642989	0.216743862662773	0.0692406692406692	0	-0.18456786189194	0.269240669240669	0.0641085154793073	-0.138369146169475	-0.333037486482403	0	-0.0721992796499158	0.0593952871195652	0.14418126121548	0	0	-0.171919560750763	-0.567713716035953	0.117758308382492	0.387507320592678	0.144341921306164	-0.18456786189194	0.225088484063941	-0.441184041184041	0.1003861003861	-0.0681384161482179
PHENYLALANINE_METABOLISM	-0.152389207593227	0.288033621204375	-0.375032175032175	0	0.00733637944758758	0.0463320463320463	0.066946316969337	-0.0200218965087635	-0.0107047763512201	0	-0.0591904004337148	0.241592594885029	0.140319263147208	0	0	-0.274074662066433	-0.464469634344154	0.151544905865584	0.268434990275791	0.371164940501566	0.00733637944758758	0.100271436056327	-0.385070785070785	-0.305276705276705	0.174754996709547
PHOSPHATIDYLINOSITOL_SIGNALING_SYSTEM	-0.0410717436507949	-0.302119097690417	0.0844272844272844	0	0.0728489608304311	-0.0890604890604891	0.0767496312076214	-0.00614533457199673	0.35999766395955	0	-0.148691489441178	-0.189314390100052	-0.348609692296	0	0	0.198409073543786	0.338053564242724	-0.0402894572497122	-0.169991418939241	-0.154373406184585	0.0728489608304311	-0.308125767048087	0.267438867438867	0.0476190476190476	0.0841709846536809
PORPHYRIN_AND_CHLOROPHYLL_METABOLISM	-0.219701231909808	0.396693011239558	-0.00411840411840412	0	-0.154450093633423	0.050965250965251	0.0550791471019401	0.137377963173991	-0.30587907240616	0	0.163521611747647	0.206395387703064	0.228372819103805	0	0	-0.362198189773918	-0.452368707063569	0.140235584532332	0.328232278965631	0.300108589279419	-0.154450093633423	0.082515035921352	-0.380694980694981	0.0136422136422136	0.0427535160145681
PPAR_SIGNALING_PATHWAY	-0.211552076423539	-0.0201221092657747	-0.0373230373230373	0	-0.160113263733315	0.2002574002574	0.144727875991515	0.0557044843461639	-0.204580170267762	0	-0.175099514250066	0.292188580209103	0.132080333934895	0	0	-0.270402848411955	-0.56539651719499	0.167943421798801	0.408136079573016	0.212611748950972	-0.160113263733315	-0.254073196048973	-0.491634491634492	0.00514800514800515	0.0702760919489463
PRIMARY_BILE_ACID_BIOSYNTHESIS	-0.0536214430996489	0.170463011351491	-0.0584298584298584	0	-0.100006435627641	0.137709137709138	0.0306998524830486	0.0453961811931371	-0.34037224064898	0	-0.0947046406939437	0.354689503256489	0.138516997382015	0	0	-0.212965191959755	-0.520597339603037	0.17642541279874	0.463494268229113	0.202858916430285	-0.100006435627641	0.0686754887573278	-0.369111969111969	-0.0285714285714286	0.0670695782478537
PRIMARY_IMMUNODEFICIENCY	-0.0280330948727648	-0.223642871553896	0.245045045045045	0	0.0142866336610916	0.0818532818532818	-0.16252863079261	0.0771140370486041	-0.175835863398745	0	0.0287496230678043	0.346925413436938	0.413233793305081	0	0	0.0266206489949693	0.302780648552508	-0.28089526861466	-0.226655225252321	-0.133753131712276	0.0142866336610916	-0.254595443111767	0.247619047619048	0.223938223938224	-0.252245744485952
PRION_DISEASES	0.016461294082263	-0.154940241346465	-0.0720720720720721	0	-0.0441469850968867	0.105534105534106	0.00657853981779612	-0.0313213826572737	-0.412728599319264	0	-0.12098257671067	0.385357658043715	0.328269835803102	0	0	0.0203261113015776	-0.10221421554026	-0.0876472403327073	0.120639071505268	-0.0596316045550563	-0.0441469850968867	-0.172080407190415	-0.0211068211068211	-0.0298584298584299	-0.138147298622073
PROGESTERONE_MEDIATED_OOCYTE_MATURATION	-0.0898036934586824	0.0865250698428312	0.171943371943372	0	0.0818585496257141	0.0293436293436293	-0.0236053487579743	0.243236307091612	0.296561952248616	0	0.0577594237199327	-0.222311771833144	-0.148043259283752	0	0	0.129431431320368	0.039649846834257	-0.103904389749258	-0.0592750416270472	-0.148800359029907	0.0818585496257141	-0.0287235884536352	0.0416988416988417	0.177091377091377	0.0561139897691206
PROPANOATE_METABOLISM	-0.0488949329176129	0.115558398926306	0.0378378378378378	0	-0.0278010168540161	0.0854568854568855	-0.117381788905774	-0.0753299076567341	0.0402420296166237	0	0.0770125649599102	-0.133542344896277	-0.0440267779782984	0	0	-0.108843047614899	-0.309732245075397	0.133591358249046	0.347033173226193	0.217070186674714	-0.0278010168540161	0.0650197593177742	-0.215186615186615	0.0545688545688546	0.164333827180996
PROSTATE_CANCER	0.131201403328928	-0.0833630241010666	0.0525096525096525	0	0.377630478933719	-0.0558558558558559	0.0379233471849423	0.0983253531519477	0.198633072294862	0	0.134511811095519	-0.303446510447452	-0.501544815799563	0	0	0.350002522992971	0.192327503799935	0.0846785434827285	-0.0282013413908418	-0.0445843772374253	0.377630478933719	0.0937433477714094	0.141827541827542	0.027027027027027	0.220982235900299
PROTEASOME	0.0228176353615527	0.265899301012023	0.384555984555985	0	-0.015959843008787	0.183011583011583	0.0219284660593204	0.156210440088175	-0.214888473420789	0	0.239363377578099	-0.27303715865421	0.229402685255344	0	0	0.110154409634356	0.0862512901914033	-0.243009042148264	-0.193231413233546	-0.220971319682989	-0.015959843008787	0.230049831160478	0.124324324324324	0.374002574002574	-0.266140637190686
PROTEIN_EXPORT	0.0796987406557091	0.235716137113361	0.0574002574002574	0	0.102966729088949	-0.0635778635778636	-0.0615286959429166	-0.0216077893015369	0.114184281079681	0	0.330295443299345	-0.536110402039997	-0.313336776605784	0	0	0.109105320018791	0.0646241010090813	0.0914641362826801	0.076770318230625	0.0387326777250132	0.102966729088949	0.312042620019037	0.122779922779923	0.0344916344916345	0.145896373399714
PROXIMAL_TUBULE_BICARBONATE_RECLAMATION	-0.017765158960066	-0.0362197966783944	0.266924066924067	0	0.102194478620781	0.420849420849421	-0.095324331869634	0.0277531238735336	-0.226782669366589	0	-0.118120623283106	-0.0592658856225727	0.175077245761654	0	0	0.054683796211341	-0.381565409145253	-0.0373207603997334	0.381762602901951	0.00139326178866954	0.102194478620781	-0.0276790943280485	-0.202316602316602	0.314028314028314	-0.0267209475091051
PURINE_METABOLISM	0.227035471847449	0.00718646759491953	0.0525096525096525	0	0.177231482444353	-0.0545688545688546	0.0153499262415243	-0.315196192563703	0.0247795748870836	0	0.153634863543334	-0.520194017909917	-0.415036059070275	0	0	0.235258346290517	0.198249234171285	-0.0442477197163506	-0.0631918945979974	-0.179173466022903	0.177231482444353	0.260340160802494	0.236036036036036	0.0404118404118404	-0.0625270171713058
PYRIMIDINE_METABOLISM	0.306245263173982	0.043406264273314	0.0468468468468468	0	0.210180835752816	0.114543114543115	-0.0309578344366876	-0.222223227587366	-0.0128853789412835	0	0.30089537627073	-0.568978382276096	-0.250772407899781	0	0	0.397473828097301	0.0342430495386765	-0.167236589215472	0.0117505589128508	-0.215955577243779	0.210180835752816	0.385679455872902	0.0550836550836551	0.0705276705276705	-0.176625463035184
PYRUVATE_METABOLISM	-0.0244474664588065	0.163851461164165	0.0643500643500644	0	-0.195894202091725	0.255855855855856	0.11841371672033	-0.162157538061075	-0.0919817819808543	0	-0.168725163434128	-0.042573092510538	0.123326471646812	0	0	-0.241946292589746	-0.554325456065944	0.104752588849252	0.362439461578597	0.177780204234233	-0.195894202091725	0.132128506886722	-0.45045045045045	0.101415701415701	0.0240488527581946
REGULATION_OF_ACTIN_CYTOSKELETON	0.0884998285808794	-0.186560698764111	-0.085971685971686	0	0.371838600422465	-0.0579150579150579	0.123315373839472	0.0140747985358635	0.377640721279154	0	0.132300301628765	-0.265661273325637	-0.521112272678807	0	0	0.312235296832621	0.330587034644065	-0.00636149324995456	-0.144923559925159	-0.0925125827676575	0.371838600422465	-0.0600584122212372	0.210810810810811	-0.0921492921492922	0.130131014369342
REGULATION_OF_AUTOPHAGY	0.0700827371819119	-0.151778195604701	0.18970398970399	0	-0.0275436000312937	-0.124066924066924	-0.226250173341459	0.221430281190979	0.36951302071619	0	0.0727196348185639	-0.327126984397082	-0.222966021808225	0	0	0.148446180602489	0.163748718094724	-0.0364725612997395	-0.137350977514656	-0.0888901021171167	-0.0275436000312937	-0.0232399942943048	0.127155727155727	0.152895752895753	0.0788267951518599
RENAL_CELL_CARCINOMA	0.0532954768801981	-0.169025717832507	-0.0187902187902188	0	0.355621340590956	-0.0612612612612613	0.0657853981779612	0.0315196192563703	0.196055996506605	0	0.151163176492256	-0.216229901474496	-0.526004136898618	0	0	0.382917709681332	0.320288373128674	0.000424099549996971	-0.0694588593515178	-0.137932917078285	0.355621340590956	-0.0900876183318558	0.266924066924067	-0.0409266409266409	0.114900074289152
RENIN_ANGIOTENSIN_SYSTEM	0.15581185289746	-0.137980177822455	-0.0839124839124839	0	-0.172855396458072	0.223166023166023	0.192970501322019	0.0182377671168935	0.132422048196575	0	-0.575642905316897	0.167833741599294	0.0872811563429424	0	0	0.103597599537073	-0.161174052715876	-0.00777515841661113	0.0864318888923023	-0.192270126836397	-0.172855396458072	0.0323793178931888	-0.0761904761904762	-0.0347490347490347	0.0235144338080125
RETINOL_METABOLISM	-0.165753822590708	0.214156734328602	-0.0954954954954955	0	-0.171954437578544	0.117117117117117	0.110029303227061	-0.0449997079949438	-0.344138736031817	0	-0.061792176276955	0.290765163742185	0.13182286739701	0	0	-0.411636537907432	-0.537590131103433	0.234385684631659	0.415447538452124	0.328531129768278	-0.171954437578544	0.0114894353814541	-0.436293436293436	-0.0671814671814672	0.0814988899027704
RIBOFLAVIN_METABOLISM	0.151737275154326	-0.183686111726143	-0.108365508365508	0	0.111976317884232	-0.27001287001287	-0.195034356951132	0.098127116552851	0.387949024432181	0	0.148691489441178	-0.196949078422611	-0.329299701954641	0	0	0.232635622251604	0.217816691050529	0.0465095839830012	-0.256945554894337	-0.0808091837428333	0.111976317884232	-0.00600584122212372	0.0828828828828829	-0.147490347490347	0.0900495931056841
RIBOSOME	0.114251159917489	0.114408564111119	-0.01003861003861	0	0.379818521926859	-0.0203346203346203	0.125121247514946	-0.0517397523642305	-0.211518451236145	0	0.245087284433228	-0.514370950545254	-0.377703411076981	0	0	0.27932011014426	0.310762111226937	-0.0373207603997334	0.05118021215375	-0.103658677077014	0.379818521926859	0.250678590140816	0.406177606177606	-0.0110682110682111	-0.0283242043596514
RIG_I_LIKE_RECEPTOR_SIGNALING_PATHWAY	0.131201403328928	-0.0528924014986078	0.0682110682110682	0	0.159083596442425	-0.171685971685972	-0.412513143868863	-0.0844487912151809	0.0473785471841038	0	0.356833556900395	-0.146741297589514	0.138002064306245	0	0	0.227127901769886	0.512873343466493	-0.182786906048694	-0.394035408877596	-0.066597913498404	0.159083596442425	0.10157705371331	0.434234234234234	0.0460746460746461	-0.10180681000969
RNA_DEGRADATION	0.236651475321247	-0.096011207068125	0.22985842985843	0	0.308642770444123	-0.0584298584298584	-0.15427320827616	-0.181981197970742	-0.0485679667786838	0	0.29309004874101	-0.651665938854315	-0.247940275983049	0	0	0.341347533664558	0.46266736857896	-0.17218441729877	-0.151712771741473	-0.269178177570955	0.308642770444123	0.215165789870867	0.482368082368082	0.197683397683398	-0.150706143951353
RNA_POLYMERASE	0.216930519044476	0.00747392629871631	0.122265122265122	0	0.211854045100512	0.000257400257400257	-0.115317933276661	-0.265637042789536	-0.0271584140762436	0	0.30024493230992	-0.658783021188903	-0.291194654347693	0	0	0.349346841983243	0.328012369265217	-0.145042046098964	-0.0480467297769898	-0.247721946025444	0.211854045100512	0.295330714009649	0.355727155727156	0.122265122265122	-0.146698001824987
SELENOAMINO_ACID_METABOLISM	-0.00945302036407184	0.00172475222278069	-0.103989703989704	0	0.268485746099433	0.144916344916345	0.022315438989779	0.000594709797290006	-0.153831600899015	0	0.107323253533659	-0.250650699674505	-0.191555104186281	0	0	0.155789807911446	-0.0777548944412053	-0.0681386610328467	0.343377443786639	0.093905844556327	0.268485746099433	0.0232399942943048	0.0936936936936937	-0.0501930501930502	-0.0101539600534599
SMALL_CELL_LUNG_CANCER	0.0397678787729919	-0.0678402540960404	0.00926640926640927	0	0.543020787532842	-0.0720720720720721	-0.177749566057315	-0.00892064695935009	0.142532114750505	0	0.471311694002964	-0.216747507462466	-0.370236881478322	0	0	0.315775974285154	0.379763143380059	-0.0472164165663294	-0.0911321124574426	-0.0239641027651161	0.543020787532842	0.0133173001012309	0.288803088803089	0.000514800514800515	0.0774907477764047
SNARE_INTERACTIONS_IN_VESICULAR_TRANSPORT	0.243659749039438	0.0327702922328331	0.173487773487774	0	0.314563357366738	0.0993564993564994	-0.0168978179633587	0.0648233679046107	-0.0390526100220437	0	0.181473865066005	-0.530934342160296	-0.33032956810618	0	0	0.554706134230149	0.241246145998044	-0.119878806132477	-0.133956371606499	-0.384261601315059	0.314563357366738	0.283057908034005	0.275418275418275	0.170913770913771	-0.0611909697958506
SPHINGOLIPID_METABOLISM	-0.149944460947346	0.24290260470828	0.115315315315315	0	-0.0637106636237869	0.216988416988417	0.275266744532881	0.148677449322502	0.165725796844815	0	-0.213605796730021	-0.21286546255269	-0.229145218717459	0	0	0.0102286237517616	-0.333934099636567	0.0354829956830799	0.175997260161365	0.0326023258548672	-0.0637106636237869	0.0425631356176594	-0.25019305019305	0.123294723294723	0.0360732791372918
SPLICEOSOME	0.0836103352891181	0.0244339898227264	0.101158301158301	0	0.384966858381306	-0.0864864864864865	-0.0166398360097196	-0.0497573863732638	-0.130241445606511	0	0.357093734484719	-0.640925614603936	-0.50514934732995	0	0	0.282205106587064	0.389031938743912	-0.0255873395164839	0.0415186414920727	-0.0891687544748506	0.384966858381306	0.185136583760249	0.475160875160875	0.0839124839124839	-0.000801628425273152
STARCH_AND_SUCROSE_METABOLISM	-0.364756199565393	0.424001588100252	-0.145431145431145	0	-0.327048073268773	-0.0262548262548263	0.224444299665985	0.162355774660172	-0.0800875860350542	0	-0.0288797118599663	0.321433318529412	0.122554072033158	0	0	-0.593784722409957	-0.669927931576213	0.327687585630993	0.310737002362053	0.508819205222116	-0.327048073268773	-0.0509190886223533	-0.638610038610039	-0.127670527670528	0.251444116060679
STEROID_BIOSYNTHESIS	0.00325966219450753	0.144304269305984	-0.10965250965251	0	-0.159341013265148	0.0131274131274131	0.113899032531647	-0.203192514074085	0.181981197970742	0	0.0235460713813239	-0.376946560739201	-0.22811535256592	0	0	0.010097487549816	-0.130278068169702	0.120585638715805	0.0141006706954209	0.0270292787001891	-0.159341013265148	0.214904666339471	-0.213899613899614	-0.0669240669240669	0.113029607963514
STEROID_HORMONE_BIOSYNTHESIS	-0.140654423693	0.363347801599132	-0.0241956241956242	0	-0.100521269273086	0.0432432432432432	-0.0619156688733752	0.0572903771389373	-0.307861438397126	0	0.158578237645491	0.22774663470683	0.15010299158683	0	0	-0.3914415628078	-0.501287349261678	0.233396119015	0.36296170864139	0.374508768794372	-0.100521269273086	0.173386024847398	-0.410553410553411	-0.0120978120978121	0.103677276335328
SULFUR_METABOLISM	0.286198340677761	-0.0600788690935273	0.15006435006435	0	0.133341914170188	0.185842985842986	0.0170268089401782	-0.0267619408780503	-0.0348896414410137	0	-0.0705081253518097	-0.515017958030217	-0.00695159652288922	0	0	0.327709368662209	0.0767250282896662	-0.336028210114267	0.169208048345051	-0.124000299191589	0.133341914170188	0.324315425994681	0.177863577863578	0.173230373230373	-0.287784604673061
SYSTEMIC_LUPUS_ERYTHEMATOSUS	0.0880108792517033	-0.15810228708823	-0.000257400257400257	0	-0.070017375780485	-0.120978120978121	-0.245856801818027	0.0271584140762436	-0.125483767228191	0	0.0467018763861618	0.42262528917756	0.487899089291669	0	0	0.0044586308661525	0.305097847393471	-0.164267892365493	-0.411269561949777	-0.119541861467847	-0.070017375780485	-0.0762480711678316	0.164221364221364	-0.0110682110682111	-0.191054774690101
TASTE_TRANSDUCTION	0.0620965648053684	-0.0580666581669498	-0.138223938223938	0	0.0352661047129649	-0.224710424710425	-0.0856500086081691	-0.184756510358095	0.451781209341308	0	-0.0170416317732234	-0.107144439509804	-0.297888784332697	0	0	0.0681908250117441	0.176879511526848	0.0894850050493609	-0.0785981829504018	-0.0504360767498374	0.0352661047129649	0.0146229177582143	0.14002574002574	-0.158043758043758	0.12719171014334
TAURINE_AND_HYPOTAURINE_METABOLISM	-0.0609556830372908	0.0896871155845958	-0.253539253539254	0	0.171697020755822	0.0792792792792793	0.00193486465229298	0.0717616488729941	-0.0921800185799509	0	-0.0262779360167261	0.100933167654163	-0.0520082406527268	0	0	-0.00865498932841368	-0.189495371883202	0.062625366882886	0.296375208135236	0.10198676293061	0.171697020755822	0.0582305475014604	-0.0828828828828829	-0.188931788931789	0.0999363436840529
TERPENOID_BACKBONE_BIOSYNTHESIS	-0.09306335565319	0.15982703931101	-0.0646074646074646	0	-0.189844906757749	0.124324324324324	0.283135194118872	-0.160373408669205	-0.193875393916542	0	-0.0357744178445529	0.0530546137669319	-0.157569521185489	0	0	-0.199327026957406	-0.40885686216104	0.191692996598631	0.341027332004069	0.130687955777203	-0.189844906757749	0.0323793178931888	-0.34028314028314	-0.0514800514800515	0.0537091044933012
TGF_BETA_SIGNALING_PATHWAY	0.0283590610922155	0.0712897585416018	-0.326383526383526	0	0.203616706773396	-0.44015444015444	-0.120993536256721	0.0384579002247537	0.172465841214102	0	0.259266962778887	-0.0111285287413564	-0.274974262460951	0	0	0.052716753182156	0.352729156902157	0.167660688765469	-0.228221966440701	0.193384736267332	0.203616706773396	0.116983342065714	0.273101673101673	-0.360875160875161	0.248237602359586
THYROID_CANCER	0.117673805221722	-0.171037928759085	0.143114543114543	0	0.393332905119783	-0.0247104247104247	0.0495325350987002	0.0582815601344206	0.174646443804165	0	0.246127994770524	-0.537016212518945	-0.538105064179203	0	0	0.342527759482069	0.430741517881247	-0.00579602718329194	-0.0835595300469388	-0.248557903098646	0.393332905119783	0.0112283118500574	0.464607464607465	0.113770913770914	0.0395470023134755
TIGHT_JUNCTION	0.274626539887259	0.00891121981770022	0.0795366795366795	0	0.3929467798857	0.116344916344916	0.028635996853936	-0.0222024990988269	0.0584797967335173	0	0.107973697494469	-0.585412372394146	-0.407312062933731	0	0	0.515103001242559	0.334191566174452	-0.168650254382129	0.00652808828491709	-0.266391653993616	0.3929467798857	0.348338790883176	0.414929214929215	0.0857142857142857	-0.103944485810419
TOLL_LIKE_RECEPTOR_SIGNALING_PATHWAY	0.0334115374937022	-0.126194370966787	0.171943371943372	0	0.0155737177747035	-0.0633204633204633	-0.237085415394299	-0.0348896414410137	-0.152047471507145	0	0.196303987372474	0.145317881122596	0.356848621508313	0	0	0.132972108772901	0.452883640139338	-0.270999612448064	-0.360872720390217	-0.142112702444293	0.0155737177747035	-0.108366265529624	0.369369369369369	0.148005148005148	-0.238618061256308
TRYPTOPHAN_METABOLISM	-0.0671490412068551	0.034207585751817	-0.0545688545688546	0	-0.177488899267075	-0.0198198198198198	-0.165753405213098	0.0134800887385735	-0.255526976235606	0	-0.136983498146597	0.387816286486573	0.410659127926234	0	0	-0.263452629708835	-0.227600419490151	0.0508919459996365	0.182525348446282	0.136818307647349	-0.177488899267075	-0.0537914474677168	-0.157786357786358	-0.0424710424710425	0.021376758007284
TYPE_II_DIABETES_MELLITUS	0.00244474664588065	-0.0152353113012294	-0.0231660231660232	0	-0.209279876873288	-0.243243243243243	-0.073008892879855	-0.0497573863732638	0.112994861485101	0	-0.203719048525708	0.0881224194519039	0.0247167876369394	0	0	-0.0675351440020158	0.175849645375309	0.155361801815557	-0.289585996318922	0.0852676214665759	-0.209279876873288	-0.00235011178257015	0.103732303732304	-0.0648648648648649	0.168609178782453
TYPE_I_DIABETES_MELLITUS	0.0932263387629154	-0.19288479024764	0.193822393822394	0	-0.103996396379838	-0.041956241956242	-0.107707465644309	0.0656163143009973	-0.0921800185799509	0	0.0206841179537597	0.219853143390286	0.400102999872957	0	0	0.0432749466420684	0.379505676842174	-0.270010046831405	-0.451743709316263	-0.232953371065547	-0.103996396379838	-0.107582894935434	0.248906048906049	0.166023166023166	-0.290456699423972
TYROSINE_METABOLISM	-0.176184741613132	0.0865250698428312	-0.32020592020592	0	-0.139391209504164	0.0540540540540541	0.0555951110092182	-0.0872241036025342	-0.0995147727465277	0	-0.146740157558748	0.321692121523397	0.0411946460615657	0	0	-0.266075353747748	-0.455458305518186	0.230286055648355	0.406830461916033	0.268899525213221	-0.139391209504164	-0.128995024509962	-0.353667953667954	-0.262290862290862	0.16032568505463
T_CELL_RECEPTOR_SIGNALING_PATHWAY	0.0565551390747056	-0.266474218419616	0.183268983268983	0	0.0786408393416844	-0.00900900900900901	-0.214254012497242	0.0132818521394768	-0.032907275450047	0	0.0689470598458656	0.178574065849673	0.268280132475947	0	0	0.180967958685013	0.461380035889536	-0.269020481214745	-0.334760367250548	-0.173600418868225	0.0786408393416844	-0.20707096039757	0.394079794079794	0.15984555984556	-0.204682457919745
UBIQUITIN_MEDIATED_PROTEOLYSIS	0.0304778415186454	-0.143729351898391	0.283912483912484	0	0.337344746177668	0.0460746460746461	0.0192196555461102	-0.0176430573196035	0.0858364474088575	0	0.231037694879731	-0.57945990353249	-0.497682817731291	0	0	0.393408605836985	0.284757990900573	-0.0203567783998546	-0.0172341530721811	-0.20035104521068	0.337344746177668	-0.0321181943617921	0.292406692406692	0.256370656370656	0.0823005183280436
VALINE_LEUCINE_AND_ISOLEUCINE_BIOSYNTHESIS	0.182867049111872	-0.126481829670584	0.415701415701416	0	0.425252591137357	0.277734877734878	-0.0296679246684923	-0.165527560245718	-0.290020144478426	0	0.477165689650255	-0.44061209725952	-0.305870247007126	0	0	0.295449862983576	0.244850677528431	-0.142780181832314	0.272351843246741	-0.197843173991075	0.425252591137357	0.0634530181293941	0.393307593307593	0.405405405405405	-0.223387121176118
VALINE_LEUCINE_AND_ISOLEUCINE_DEGRADATION	-0.158908531982242	0.0721521346529921	-0.0229086229086229	0	-0.186884613296442	0.158558558558559	0.106030582945655	-0.145307427137858	-0.306275545604353	0	-0.07376034515586	0.160716659264706	-0.00875386228808272	0	0	-0.213620872969483	-0.447476842843758	0.166812489665475	0.422236750268437	0.245214074805839	-0.186884613296442	-0.103666041964483	-0.361904761904762	-0.00617760617760618	0.00454256107654786
VASCULAR_SMOOTH_MUSCLE_CONTRACTION	-0.0259143144463349	-0.232554091371596	-0.241956241956242	0	0.119698822565903	-0.188674388674389	-0.000902936837736722	-0.215879656416272	0.141739168354118	0	-0.101469257886368	0.136389177830113	-0.360710619576585	0	0	-0.0490449395276775	0.23506694908881	0.223500462848404	0.0527469533421301	0.0264719739847213	0.119698822565903	-0.224566237001148	0.236036036036036	-0.263320463320463	0.24930644025995
VASOPRESSIN_REGULATED_WATER_REABSORPTION	0.217908417702828	0.0146603938936358	0.126898326898327	0	0.427440634130498	0.115057915057915	0.0803613785585683	0.0562991941434539	0.0154624547295402	0	0.0630930641985751	-0.443847134684333	-0.61328529324156	0	0	0.375311809968484	0.0813594259715923	0.0640390320495426	0.213599048682487	-0.117033990248241	0.427440634130498	0.240233648884949	0.242985842985843	0.126640926640927	0.139483345997528
VEGF_SIGNALING_PATHWAY	0.0842622677280196	-0.330290050662502	0.0924066924066924	0	0.124203616963544	-0.0427284427284427	0.141890074501485	-0.094558857769111	0.34869817781104	0	-0.205280114031653	-0.156187606869968	-0.317713707749826	0	0	0.247060604465627	0.39649846834257	-0.0781756837161083	-0.182003101383488	-0.290355756758732	0.124203616963544	-0.235272301788412	0.345173745173745	0.0483912483912484	0.0355388601871097
VIBRIO_CHOLERAE_INFECTION	0.103168308456163	-0.112971270592135	0.22007722007722	0	0.321899736814325	-0.068983268983269	-0.00477266614232267	0.104272451124848	0.259491708217539	0	0.0853382476582789	-0.38820449097755	-0.417095791373353	0	0	0.234733801482735	0.389031938743912	-0.0713900909161568	-0.111499747906384	-0.257753430903865	0.321899736814325	0.0386462826467092	0.391248391248391	0.154440154440154	0.0272553664592872
VIRAL_MYOCARDITIS	0.11702187278282	-0.211569605994431	0.19047619047619	0	-0.0622948710988139	-0.0241956241956242	-0.073266874833494	0.0709687024766074	-0.093369438174531	0	-0.00312213101188825	0.193584639500805	0.376931011463327	0	0	0.0932378395833655	0.404479931016999	-0.298141983647871	-0.460883032915147	-0.260539954481204	-0.0622948710988139	-0.101054806650517	0.268725868725869	0.165765765765766	-0.31530718060744
WNT_SIGNALING_PATHWAY	0.20340292093727	-0.186273240060314	-0.111454311454311	0	0.25188236103384	-0.185585585585586	-0.0442439050490994	-0.0337002218464337	0.385371948643924	0	0.0221150946675418	-0.352748480801601	-0.393666336425838	0	0	0.37360703934319	0.459320303586458	0.0202154118831889	-0.243628254793106	-0.260818606838938	0.25188236103384	0.0778148123562117	0.398970398970399	-0.129214929214929	0.150706143951353
